"","indegree","outdegree","eigen","isgg","mengg","decgg","ggtot","broadgg"
"1",0,1,4.76217882540983e-19,0,0,0,0,FALSE
"2",293,6,1,0,1,0,1,TRUE
"3",0,1,4.76217882540983e-19,0,0,0,0,FALSE
"4",0,1,4.76217882540983e-19,0,0,0,0,FALSE
"5",0,1,4.76217882540983e-19,0,0,0,0,FALSE
"6",0,1,4.76217882540983e-19,1,1,1,3,TRUE
"7",0,1,4.76217882540983e-19,0,1,0,1,TRUE
"8",0,1,4.76217882540983e-19,0,1,0,1,TRUE
"9",0,1,4.76217882540983e-19,0,0,0,0,FALSE
"10",0,1,4.76217882540983e-19,0,1,0,1,TRUE
"11",0,1,4.76217882540983e-19,0,0,0,0,FALSE
"12",0,1,4.76217882540983e-19,0,0,0,0,FALSE
"13",0,1,4.76217882540983e-19,0,1,0,1,TRUE
"14",0,1,4.76217882540983e-19,0,1,0,1,TRUE
"15",24,5,0.25714501291198,0,0,1,1,TRUE
"16",0,1,4.76217882540983e-19,0,0,0,0,FALSE
"17",0,1,4.76217882540983e-19,0,0,0,0,FALSE
"18",0,2,4.76217882540983e-19,0,0,0,0,FALSE
"19",24,1,0.138546961415024,0,0,0,0,FALSE
"20",0,1,4.76217882540983e-19,0,0,0,0,FALSE
"21",0,1,4.76217882540983e-19,0,1,0,1,TRUE
"22",0,1,4.76217882540983e-19,0,0,0,0,FALSE
"23",36,5,0.322257724611809,0,0,0,0,FALSE
"24",0,1,4.76217882540983e-19,0,1,0,1,TRUE
"25",0,1,4.76217882540983e-19,0,1,1,2,TRUE
"26",0,2,4.76217882540983e-19,0,0,0,0,FALSE
"27",29,1,0.164066483484904,0,0,0,0,FALSE
"28",0,1,4.76217882540983e-19,0,0,0,0,FALSE
"29",0,1,4.76217882540983e-19,0,0,0,0,FALSE
"30",0,1,4.76217882540983e-19,0,1,0,1,TRUE
"31",0,2,4.76217882540983e-19,0,0,0,0,FALSE
"32",51,4,0.343646864832765,1,1,0,2,TRUE
"33",0,1,4.76217882540983e-19,0,0,0,0,FALSE
"34",7,1,0.095211439853723,0,0,0,0,FALSE
"35",1,1,1.29569218840896e-19,0,0,0,0,FALSE
"36",0,1,4.76217882540983e-19,0,0,0,0,FALSE
"37",7,1,0.134556038738232,0,0,0,0,FALSE
"38",0,1,4.76217882540983e-19,0,0,0,0,FALSE
"39",65,7,0.219610997517344,0,0,0,0,FALSE
"40",0,1,4.76217882540983e-19,0,0,0,0,FALSE
"41",0,1,4.76217882540983e-19,0,0,0,0,FALSE
"42",0,1,4.76217882540983e-19,0,1,0,1,TRUE
"43",0,1,4.76217882540983e-19,0,0,0,0,FALSE
"44",11,1,0.0632161567189347,0,0,0,0,FALSE
"45",0,1,4.76217882540983e-19,0,0,0,0,FALSE
"46",0,1,4.76217882540983e-19,0,1,0,1,TRUE
"47",0,2,4.76217882540983e-19,0,1,0,1,TRUE
"48",5,0,0.0420501746750065,0,0,0,0,FALSE
"49",9,2,0.101948699285675,0,0,0,0,FALSE
"50",0,2,4.76217882540983e-19,1,0,0,1,TRUE
"51",155,2,0.570083144261214,0,1,0,1,TRUE
"52",0,3,4.76217882540983e-19,0,0,0,0,FALSE
"53",0,2,4.76217882540983e-19,0,0,0,0,FALSE
"54",0,1,4.76217882540983e-19,0,0,0,0,FALSE
"55",0,1,4.76217882540983e-19,0,0,0,0,FALSE
"56",0,1,4.76217882540983e-19,1,1,0,2,TRUE
"57",0,4,4.76217882540983e-19,0,0,1,1,TRUE
"58",6,0,0.113195684984146,0,0,0,0,FALSE
"59",80,137,0.42772221896888,0,1,0,1,TRUE
"60",17,93,0.161378140698733,0,0,1,1,TRUE
"61",4,1,0.0299671922533367,1,0,0,1,TRUE
"62",0,1,4.76217882540983e-19,0,0,0,0,FALSE
"63",0,2,4.76217882540983e-19,0,0,0,0,FALSE
"64",0,1,4.76217882540983e-19,0,1,0,1,TRUE
"65",0,1,4.76217882540983e-19,1,0,1,2,TRUE
"66",0,1,4.76217882540983e-19,0,0,0,0,FALSE
"67",0,2,4.76217882540983e-19,0,0,1,1,TRUE
"68",0,2,4.76217882540983e-19,0,0,0,0,FALSE
"69",0,2,4.76217882540983e-19,1,1,0,2,TRUE
"70",79,2,0.41432049339251,0,1,0,1,TRUE
"71",0,2,4.76217882540983e-19,0,1,0,1,TRUE
"72",0,1,4.76217882540983e-19,0,0,0,0,FALSE
"73",0,4,4.76217882540983e-19,0,1,0,1,TRUE
"74",0,2,4.76217882540983e-19,0,1,1,2,TRUE
"75",0,3,4.76217882540983e-19,0,1,0,1,TRUE
"76",0,2,4.76217882540983e-19,0,1,0,1,TRUE
"77",0,2,4.76217882540983e-19,0,0,0,0,FALSE
"78",22,15,0.145732510469909,0,0,0,0,FALSE
"79",0,2,4.76217882540983e-19,0,1,0,1,TRUE
"80",0,2,4.76217882540983e-19,0,1,0,1,TRUE
"81",0,2,4.76217882540983e-19,0,0,0,0,FALSE
"82",0,3,4.76217882540983e-19,0,0,1,1,TRUE
"83",0,1,4.76217882540983e-19,0,1,0,1,TRUE
"84",1,5,2.02325230707252e-19,0,0,0,0,FALSE
"85",84,0,0.371463926005136,0,0,0,0,FALSE
"86",38,61,0.216346429627758,0,0,0,0,FALSE
"87",0,2,4.76217882540983e-19,0,0,0,0,FALSE
"88",0,1,4.76217882540983e-19,1,0,0,1,TRUE
"89",0,2,4.76217882540983e-19,0,0,0,0,FALSE
"90",0,1,4.76217882540983e-19,0,0,0,0,FALSE
"91",0,2,4.76217882540983e-19,0,1,0,1,TRUE
"92",1,1,6.51443208215115e-19,0,0,0,0,FALSE
"93",1,1,1.20634909381945e-18,0,0,0,0,FALSE
"94",0,3,4.76217882540983e-19,0,0,0,0,FALSE
"95",50,2,0.324407238892958,0,0,0,0,FALSE
"96",0,1,4.76217882540983e-19,0,0,0,0,FALSE
"97",0,1,4.76217882540983e-19,0,0,0,0,FALSE
"98",0,1,4.76217882540983e-19,0,0,0,0,FALSE
"99",0,1,4.76217882540983e-19,0,0,0,0,FALSE
"100",4,2,0.0726519018285792,0,0,0,0,FALSE
"101",0,1,4.76217882540983e-19,0,0,1,1,TRUE
"102",6,3,0.119688573062209,0,0,0,0,FALSE
"103",0,2,4.76217882540983e-19,0,1,0,1,TRUE
"104",0,3,4.76217882540983e-19,0,1,0,1,TRUE
"105",0,1,4.76217882540983e-19,0,0,0,0,FALSE
"106",0,2,4.76217882540983e-19,0,0,0,0,FALSE
"107",24,8,0.234363373849133,0,1,1,2,TRUE
"108",1,1,4.13740319083126e-19,0,0,0,0,FALSE
"109",0,1,4.76217882540983e-19,0,1,0,1,TRUE
"110",0,1,4.76217882540983e-19,0,1,0,1,TRUE
"111",0,1,4.76217882540983e-19,0,0,0,0,FALSE
"112",13,6,0.155899205041219,0,0,0,0,FALSE
"113",0,3,4.76217882540983e-19,0,1,0,1,TRUE
"114",0,3,4.76217882540983e-19,0,0,1,1,TRUE
"115",0,1,4.76217882540983e-19,0,0,0,0,FALSE
"116",0,5,4.76217882540983e-19,1,0,0,1,TRUE
"117",5,3,0.0816118332777599,0,0,1,1,TRUE
"118",12,4,0.152052461961232,0,0,0,0,FALSE
"119",0,1,4.76217882540983e-19,0,1,0,1,TRUE
"120",0,6,4.76217882540983e-19,0,0,0,0,FALSE
"121",17,42,0.165051981754206,0,0,1,1,TRUE
"122",0,1,4.76217882540983e-19,0,0,0,0,FALSE
"123",0,1,4.76217882540983e-19,0,0,0,0,FALSE
"124",0,1,4.76217882540983e-19,0,1,0,1,TRUE
"125",0,2,4.76217882540983e-19,0,1,0,1,TRUE
"126",0,1,4.76217882540983e-19,0,1,0,1,TRUE
"127",0,1,4.76217882540983e-19,0,0,1,1,TRUE
"128",0,3,4.76217882540983e-19,0,1,0,1,TRUE
"129",0,1,4.76217882540983e-19,0,0,0,0,FALSE
"130",0,6,4.76217882540983e-19,0,0,0,0,FALSE
"131",0,1,4.76217882540983e-19,0,1,0,1,TRUE
"132",15,6,0.168921641744566,0,1,1,2,TRUE
"133",0,1,4.76217882540983e-19,0,0,0,0,FALSE
"134",18,7,0.184498699725425,1,0,0,1,TRUE
"135",0,3,4.76217882540983e-19,0,1,0,1,TRUE
"136",0,2,4.76217882540983e-19,0,0,0,0,FALSE
"137",0,1,4.76217882540983e-19,0,0,0,0,FALSE
"138",0,1,4.76217882540983e-19,0,0,0,0,FALSE
"139",0,2,4.76217882540983e-19,0,0,0,0,FALSE
"140",0,1,4.76217882540983e-19,0,1,0,1,TRUE
"141",0,1,4.76217882540983e-19,0,0,0,0,FALSE
"142",0,1,4.76217882540983e-19,0,1,0,1,TRUE
"143",0,1,4.76217882540983e-19,0,0,0,0,FALSE
"144",10,3,0.129593158727162,0,0,0,0,FALSE
"145",0,3,4.76217882540983e-19,0,0,0,0,FALSE
"146",0,1,4.76217882540983e-19,0,0,0,0,FALSE
"147",0,1,4.76217882540983e-19,1,0,0,1,TRUE
"148",0,4,4.76217882540983e-19,0,0,0,0,FALSE
"149",0,1,4.76217882540983e-19,1,0,0,1,TRUE
"150",0,1,4.76217882540983e-19,1,1,0,2,TRUE
"151",0,1,4.76217882540983e-19,0,1,0,1,TRUE
"152",0,1,4.76217882540983e-19,0,0,0,0,FALSE
"153",0,1,4.76217882540983e-19,0,0,0,0,FALSE
"154",19,21,0.194739145361522,0,1,0,1,TRUE
"155",0,2,4.76217882540983e-19,0,0,0,0,FALSE
"156",0,1,4.76217882540983e-19,0,0,0,0,FALSE
"157",2,1,0.0145359807008058,0,0,0,0,FALSE
"158",7,12,0.117865482436658,0,0,0,0,FALSE
"159",0,1,4.76217882540983e-19,0,0,0,0,FALSE
"160",0,1,4.76217882540983e-19,0,0,1,1,TRUE
"161",1,1,6.64657139951564e-19,0,0,0,0,FALSE
"162",0,1,4.76217882540983e-19,0,0,0,0,FALSE
"163",16,1,0.145635962376685,0,0,0,0,FALSE
"164",0,2,4.76217882540983e-19,0,1,1,2,TRUE
"165",35,13,0.136074705232472,0,0,0,0,FALSE
"166",0,1,4.76217882540983e-19,0,0,0,0,FALSE
"167",66,4,0.334638659856538,1,0,0,1,TRUE
"168",0,2,4.76217882540983e-19,0,0,0,0,FALSE
"169",0,1,4.76217882540983e-19,0,1,0,1,TRUE
"170",0,1,4.76217882540983e-19,0,0,0,0,FALSE
"171",0,2,4.76217882540983e-19,0,1,0,1,TRUE
"172",36,13,0.225252771989644,1,0,0,1,TRUE
"173",0,1,4.76217882540983e-19,0,0,0,0,FALSE
"174",1,2,1.50487723915179e-18,0,0,1,1,TRUE
"175",0,1,4.76217882540983e-19,0,0,0,0,FALSE
"176",3,2,0.0199022605281352,0,0,0,0,FALSE
"177",0,2,4.76217882540983e-19,0,1,0,1,TRUE
"178",0,1,4.76217882540983e-19,0,0,0,0,FALSE
"179",0,1,4.76217882540983e-19,0,1,0,1,TRUE
"180",0,2,4.76217882540983e-19,0,0,1,1,TRUE
"181",0,4,4.76217882540983e-19,0,1,0,1,TRUE
"182",0,1,4.76217882540983e-19,0,0,0,0,FALSE
"183",0,1,4.76217882540983e-19,0,1,1,2,TRUE
"184",17,9,0.0720864631347247,0,1,1,2,TRUE
"185",0,3,4.76217882540983e-19,0,0,0,0,FALSE
"186",10,4,0.136432881125226,1,0,0,1,TRUE
"187",0,2,4.76217882540983e-19,0,0,0,0,FALSE
"188",0,1,4.76217882540983e-19,0,0,0,0,FALSE
"189",1,1,1.80217859747281e-19,0,0,0,0,FALSE
"190",0,3,4.76217882540983e-19,0,1,0,1,TRUE
"191",4,1,0.0552600020866834,0,1,1,2,TRUE
"192",0,2,4.76217882540983e-19,0,0,0,0,FALSE
"193",0,1,4.76217882540983e-19,1,0,0,1,TRUE
"194",4,2,0.0224126213143746,0,0,0,0,FALSE
"195",1,1,5.76361219321115e-19,0,0,0,0,FALSE
"196",0,1,4.76217882540983e-19,1,0,0,1,TRUE
"197",0,1,4.76217882540983e-19,0,0,1,1,TRUE
"198",0,2,4.76217882540983e-19,0,0,0,0,FALSE
"199",0,1,4.76217882540983e-19,0,1,0,1,TRUE
"200",0,1,4.76217882540983e-19,0,0,0,0,FALSE
"201",0,3,4.76217882540983e-19,0,0,0,0,FALSE
"202",1,1,6.67578465186009e-19,0,0,0,0,FALSE
"203",0,1,4.76217882540983e-19,0,0,0,0,FALSE
"204",2,1,1.02381572958405e-20,1,1,0,2,TRUE
"205",0,5,4.76217882540983e-19,0,0,0,0,FALSE
"206",0,1,4.76217882540983e-19,0,0,0,0,FALSE
"207",0,1,4.76217882540983e-19,1,0,1,2,TRUE
"208",0,1,4.76217882540983e-19,0,1,0,1,TRUE
"209",0,3,4.76217882540983e-19,0,0,0,0,FALSE
"210",0,1,4.76217882540983e-19,0,0,0,0,FALSE
"211",4,4,0.0199022605281352,0,0,1,1,TRUE
"212",0,1,4.76217882540983e-19,0,1,0,1,TRUE
"213",0,3,4.76217882540983e-19,0,0,0,0,FALSE
"214",48,1,0.316939465851657,0,0,0,0,FALSE
"215",0,3,4.76217882540983e-19,0,0,0,0,FALSE
"216",0,1,4.76217882540983e-19,0,0,0,0,FALSE
"217",0,1,4.76217882540983e-19,0,1,0,1,TRUE
"218",0,1,4.76217882540983e-19,0,1,0,1,TRUE
"219",0,2,4.76217882540983e-19,1,0,1,2,TRUE
"220",0,1,4.76217882540983e-19,1,1,0,2,TRUE
"221",0,1,4.76217882540983e-19,0,1,0,1,TRUE
"222",0,1,4.76217882540983e-19,0,0,0,0,FALSE
"223",0,1,4.76217882540983e-19,0,0,0,0,FALSE
"224",4,1,0.027876915876083,1,0,0,1,TRUE
"225",0,13,4.76217882540983e-19,1,1,0,2,TRUE
"226",9,0,0.157213537395491,0,0,0,0,FALSE
"227",5,4,0.106548304466136,0,0,0,0,FALSE
"228",8,3,0.119237215875612,0,0,1,1,TRUE
"229",6,1,0.0751622626148186,0,0,1,1,TRUE
"230",0,1,4.76217882540983e-19,0,0,0,0,FALSE
"231",0,2,4.76217882540983e-19,0,0,0,0,FALSE
"232",0,1,4.76217882540983e-19,0,0,0,0,FALSE
"233",0,1,4.76217882540983e-19,0,0,0,0,FALSE
"234",0,1,4.76217882540983e-19,1,0,0,1,TRUE
"235",0,4,4.76217882540983e-19,0,0,0,0,FALSE
"236",0,3,4.76217882540983e-19,0,0,0,0,FALSE
"237",15,3,0.102585784371709,1,0,0,1,TRUE
"238",0,1,4.76217882540983e-19,0,0,0,0,FALSE
"239",0,1,4.76217882540983e-19,0,1,1,2,TRUE
"240",1,1,0,0,1,0,1,TRUE
"241",0,1,4.76217882540983e-19,0,0,0,0,FALSE
"242",0,3,4.76217882540983e-19,0,0,0,0,FALSE
"243",0,4,4.76217882540983e-19,0,0,1,1,TRUE
"244",0,1,4.76217882540983e-19,0,0,0,0,FALSE
"245",1,1,7.52846295341329e-19,0,0,0,0,FALSE
"246",0,1,4.76217882540983e-19,0,0,1,1,TRUE
"247",14,16,0.146595549793505,0,0,0,0,FALSE
"248",0,1,4.76217882540983e-19,0,0,0,0,FALSE
"249",0,1,4.76217882540983e-19,0,1,0,1,TRUE
"250",0,1,4.76217882540983e-19,1,1,0,2,TRUE
"251",0,1,4.76217882540983e-19,0,0,1,1,TRUE
"252",0,1,4.76217882540983e-19,0,0,1,1,TRUE
"253",0,1,4.76217882540983e-19,0,0,0,0,FALSE
"254",0,1,4.76217882540983e-19,1,1,0,2,TRUE
"255",3,4,0.0348913245369305,0,0,0,0,FALSE
"256",0,2,4.76217882540983e-19,1,0,0,1,TRUE
"257",1,1,7.27834324545818e-19,0,0,1,1,TRUE
"258",0,2,4.76217882540983e-19,1,0,0,1,TRUE
"259",0,3,4.76217882540983e-19,0,0,0,0,FALSE
"260",29,0,0.060409948151062,0,0,0,0,FALSE
"261",0,4,4.76217882540983e-19,0,0,0,0,FALSE
"262",0,1,4.76217882540983e-19,0,1,0,1,TRUE
"263",7,4,0.0981229109869439,0,1,0,1,TRUE
"264",0,3,4.76217882540983e-19,0,0,0,0,FALSE
"265",0,1,4.76217882540983e-19,0,0,0,0,FALSE
"266",0,2,4.76217882540983e-19,0,0,0,0,FALSE
"267",0,3,4.76217882540983e-19,1,1,1,3,TRUE
"268",0,2,4.76217882540983e-19,0,0,0,0,FALSE
"269",0,4,4.76217882540983e-19,0,0,0,0,FALSE
"270",8,1,0.0728443688537387,0,0,0,0,FALSE
"271",7,2,0.0728443688537387,0,0,1,1,TRUE
"272",0,3,4.76217882540983e-19,0,0,0,0,FALSE
"273",0,1,4.76217882540983e-19,0,0,0,0,FALSE
"274",0,1,4.76217882540983e-19,0,1,0,1,TRUE
"275",35,5,0.146365380045792,0,0,0,0,FALSE
"276",0,1,4.76217882540983e-19,0,0,0,0,FALSE
"277",0,1,4.76217882540983e-19,0,1,0,1,TRUE
"278",1,1,9.71270005807134e-19,0,0,0,0,FALSE
"279",0,3,4.76217882540983e-19,0,0,0,0,FALSE
"280",0,2,4.76217882540983e-19,1,0,0,1,TRUE
"281",1,0,3.50361936406061e-19,0,0,0,0,FALSE
"282",33,13,0.185270340831716,1,0,1,2,TRUE
"283",0,10,4.76217882540983e-19,1,0,0,1,TRUE
"284",57,4,0.27315245950334,1,1,0,2,TRUE
"285",8,2,0.128785789188204,0,0,0,0,FALSE
"286",29,0,0.163206132977224,0,0,0,0,FALSE
"287",28,0,0.14651272491206,0,0,0,0,FALSE
"288",0,1,4.76217882540983e-19,0,1,0,1,TRUE
"289",0,1,4.76217882540983e-19,0,0,0,0,FALSE
"290",0,3,4.76217882540983e-19,0,0,0,0,FALSE
"291",0,1,4.76217882540983e-19,1,0,0,1,TRUE
"292",0,2,4.76217882540983e-19,0,0,1,1,TRUE
"293",0,3,4.76217882540983e-19,0,0,0,0,FALSE
"294",0,1,4.76217882540983e-19,0,0,0,0,FALSE
"295",0,1,4.76217882540983e-19,0,0,0,0,FALSE
"296",0,1,4.76217882540983e-19,0,1,0,1,TRUE
"297",6,1,0.0794309686979489,0,1,0,1,TRUE
"298",0,1,4.76217882540983e-19,0,1,0,1,TRUE
"299",0,4,4.76217882540983e-19,0,0,0,0,FALSE
"300",0,4,4.76217882540983e-19,0,1,0,1,TRUE
"301",41,6,0.27073990491581,0,1,1,2,TRUE
"302",0,1,4.76217882540983e-19,0,0,0,0,FALSE
"303",6,5,0.0622169774896643,0,0,0,0,FALSE
"304",0,2,4.76217882540983e-19,0,1,0,1,TRUE
"305",0,3,4.76217882540983e-19,0,0,0,0,FALSE
"306",0,2,4.76217882540983e-19,0,0,0,0,FALSE
"307",0,1,4.76217882540983e-19,1,0,0,1,TRUE
"308",0,1,4.76217882540983e-19,0,0,0,0,FALSE
"309",0,1,4.76217882540983e-19,0,1,0,1,TRUE
"310",0,2,4.76217882540983e-19,0,1,0,1,TRUE
"311",0,2,4.76217882540983e-19,0,0,0,0,FALSE
"312",16,15,0.151564235046654,0,0,0,0,FALSE
"313",0,1,4.76217882540983e-19,0,0,0,0,FALSE
"314",1,1,1.15733862207555e-18,0,0,0,0,FALSE
"315",0,1,4.76217882540983e-19,0,0,0,0,FALSE
"316",0,3,4.76217882540983e-19,0,0,0,0,FALSE
"317",0,1,4.76217882540983e-19,0,0,0,0,FALSE
"318",0,1,4.76217882540983e-19,0,1,1,2,TRUE
"319",1,9,1.08912395264868e-18,0,0,0,0,FALSE
"320",0,4,4.76217882540983e-19,0,0,1,1,TRUE
"321",0,2,4.76217882540983e-19,0,0,0,0,FALSE
"322",1,2,6.13588530878157e-19,0,0,0,0,FALSE
"323",0,4,4.76217882540983e-19,0,0,0,0,FALSE
"324",6,0,0.101956286039831,0,0,0,0,FALSE
"325",7,2,0.0993332292260841,0,0,0,0,FALSE
"326",0,2,4.76217882540983e-19,0,0,0,0,FALSE
"327",0,6,4.76217882540983e-19,0,0,0,0,FALSE
"328",0,2,4.76217882540983e-19,0,1,0,1,TRUE
"329",0,3,4.76217882540983e-19,0,0,0,0,FALSE
"330",0,1,4.76217882540983e-19,0,1,0,1,TRUE
"331",0,2,4.76217882540983e-19,1,0,0,1,TRUE
"332",8,2,0.0629473537711656,0,0,0,0,FALSE
"333",0,1,4.76217882540983e-19,0,1,0,1,TRUE
"334",0,2,4.76217882540983e-19,1,0,0,1,TRUE
"335",0,4,4.76217882540983e-19,0,0,0,0,FALSE
"336",5,9,0.0889335946067252,0,1,0,1,TRUE
"337",0,4,4.76217882540983e-19,0,1,1,2,TRUE
"338",8,4,0.0652295209593384,0,0,1,1,TRUE
"339",1,1,1.0821102976069e-18,0,1,1,2,TRUE
"340",0,1,4.76217882540983e-19,1,0,0,1,TRUE
"341",0,1,4.76217882540983e-19,0,1,0,1,TRUE
"342",0,1,4.76217882540983e-19,0,1,0,1,TRUE
"343",0,2,4.76217882540983e-19,0,0,0,0,FALSE
"344",0,4,4.76217882540983e-19,0,1,0,1,TRUE
"345",0,1,4.76217882540983e-19,0,0,0,0,FALSE
"346",0,1,4.76217882540983e-19,0,0,0,0,FALSE
"347",1,2,0.0166398070184707,0,0,0,0,FALSE
"348",2,2,0.018691942288995,0,0,0,0,FALSE
"349",2,1,0.0186919422889949,0,0,0,0,FALSE
"350",2,1,0.0186919422889949,0,1,0,1,TRUE
"351",0,1,4.76217882540983e-19,0,1,0,1,TRUE
"352",0,3,4.76217882540983e-19,0,1,1,2,TRUE
"353",0,4,4.76217882540983e-19,0,0,0,0,FALSE
"354",27,4,0.182924763565096,0,0,0,0,FALSE
"355",0,2,4.76217882540983e-19,0,1,0,1,TRUE
"356",0,4,4.76217882540983e-19,0,0,0,0,FALSE
"357",0,2,4.76217882540983e-19,0,1,1,2,TRUE
"358",1,1,9.36457017914522e-21,0,0,0,0,FALSE
"359",0,6,4.76217882540983e-19,1,0,0,1,TRUE
"360",0,1,4.76217882540983e-19,0,0,1,1,TRUE
"361",0,2,4.76217882540983e-19,0,0,0,0,FALSE
"362",0,1,4.76217882540983e-19,0,0,0,0,FALSE
"363",0,1,4.76217882540983e-19,0,1,0,1,TRUE
"364",0,2,4.76217882540983e-19,0,0,0,0,FALSE
"365",1,3,1.12624033928034e-18,0,0,0,0,FALSE
"366",2,0,2.58114643283924e-18,1,0,0,1,TRUE
"367",1,3,1.07221568760401e-18,0,0,0,0,FALSE
"368",0,1,4.76217882540983e-19,0,1,1,2,TRUE
"369",0,1,4.76217882540983e-19,0,1,0,1,TRUE
"370",0,1,4.76217882540983e-19,0,0,0,0,FALSE
"371",0,1,4.76217882540983e-19,0,1,0,1,TRUE
"372",0,1,4.76217882540983e-19,0,1,0,1,TRUE
"373",0,1,4.76217882540983e-19,0,1,0,1,TRUE
"374",0,1,4.76217882540983e-19,0,1,0,1,TRUE
"375",0,2,4.76217882540983e-19,0,0,0,0,FALSE
"376",0,2,4.76217882540983e-19,0,0,0,0,FALSE
"377",32,3,0.14970418129332,1,1,0,2,TRUE
"378",0,1,4.76217882540983e-19,1,1,1,3,TRUE
"379",0,1,4.76217882540983e-19,0,1,1,2,TRUE
"380",0,5,4.76217882540983e-19,0,0,1,1,TRUE
"381",0,2,4.76217882540983e-19,0,0,1,1,TRUE
"382",0,3,4.76217882540983e-19,0,0,0,0,FALSE
"383",1,1,6.86010508063858e-19,0,1,0,1,TRUE
"384",0,1,4.76217882540983e-19,0,0,0,0,FALSE
"385",0,2,4.76217882540983e-19,0,1,0,1,TRUE
"386",0,2,4.76217882540983e-19,0,0,0,0,FALSE
"387",0,4,4.76217882540983e-19,0,0,1,1,TRUE
"388",1,3,1.24238566896592e-18,0,0,0,0,FALSE
"389",0,11,4.76217882540983e-19,0,0,0,0,FALSE
"390",4,0,0.0387483323467489,0,0,0,0,FALSE
"391",0,2,4.76217882540983e-19,0,1,0,1,TRUE
"392",1,1,9.89295626157889e-19,0,0,0,0,FALSE
"393",1,1,6.43056323928795e-19,0,0,0,0,FALSE
"394",0,1,4.76217882540983e-19,0,0,0,0,FALSE
"395",0,1,4.76217882540983e-19,0,1,0,1,TRUE
"396",1,1,9.21143991953042e-19,0,0,0,0,FALSE
"397",0,2,4.76217882540983e-19,0,0,0,0,FALSE
"398",0,3,4.76217882540983e-19,0,0,0,0,FALSE
"399",0,2,4.76217882540983e-19,0,1,0,1,TRUE
"400",0,3,4.76217882540983e-19,0,0,1,1,TRUE
"401",0,1,4.76217882540983e-19,1,0,1,2,TRUE
"402",2,1,0.0147608167562902,1,0,0,1,TRUE
"403",6,33,0.119688573062209,0,0,0,0,FALSE
"404",0,7,4.76217882540983e-19,0,1,0,1,TRUE
"405",0,1,4.76217882540983e-19,0,0,0,0,FALSE
"406",0,5,4.76217882540983e-19,0,0,1,1,TRUE
"407",0,2,4.76217882540983e-19,0,1,0,1,TRUE
"408",26,8,0.163807290073033,0,0,0,0,FALSE
"409",1,1,5.89567524968943e-19,0,0,0,0,FALSE
"410",0,1,4.76217882540983e-19,0,1,1,2,TRUE
"411",0,2,4.76217882540983e-19,1,1,0,2,TRUE
"412",1,5,3.73233522772945e-19,0,0,0,0,FALSE
"413",19,18,0.119534387753142,1,1,0,2,TRUE
"414",1,1,9.46244702688861e-19,0,0,0,0,FALSE
"415",1,1,7.2076664693221e-19,1,1,0,2,TRUE
"416",0,1,4.76217882540983e-19,0,0,0,0,FALSE
"417",0,1,4.76217882540983e-19,0,0,0,0,FALSE
"418",0,2,4.76217882540983e-19,0,1,0,1,TRUE
"419",0,1,4.76217882540983e-19,0,1,0,1,TRUE
"420",1,1,3.64065631019193e-19,0,0,0,0,FALSE
"421",0,4,4.76217882540983e-19,0,1,0,1,TRUE
"422",45,4,0.155660001638276,0,0,0,0,FALSE
"423",0,1,4.76217882540983e-19,0,0,0,0,FALSE
"424",0,6,4.76217882540983e-19,1,0,0,1,TRUE
"425",0,2,4.76217882540983e-19,0,1,0,1,TRUE
"426",8,20,0.0742703623649533,1,0,0,1,TRUE
"427",0,1,4.76217882540983e-19,0,0,0,0,FALSE
"428",0,3,4.76217882540983e-19,1,0,0,1,TRUE
"429",1,1,1.14733991329652e-18,0,0,0,0,FALSE
"430",0,2,4.76217882540983e-19,0,0,0,0,FALSE
"431",0,1,4.76217882540983e-19,0,0,0,0,FALSE
"432",0,5,4.76217882540983e-19,0,0,1,1,TRUE
"433",0,1,4.76217882540983e-19,0,1,0,1,TRUE
"434",1,1,5.51540540692602e-19,0,0,0,0,FALSE
"435",0,1,4.76217882540983e-19,0,0,0,0,FALSE
"436",0,1,4.76217882540983e-19,0,0,1,1,TRUE
"437",0,3,4.76217882540983e-19,0,0,1,1,TRUE
"438",2,3,0.00907813457366407,0,0,0,0,FALSE
"439",1,0,0.000996662618638089,0,0,0,0,FALSE
"440",0,1,4.76217882540983e-19,0,1,0,1,TRUE
"441",0,2,4.76217882540983e-19,0,0,0,0,FALSE
"442",0,1,4.76217882540983e-19,0,0,0,0,FALSE
"443",5,1,0.0791573498364788,0,0,1,1,TRUE
"444",0,2,4.76217882540983e-19,0,1,1,2,TRUE
"445",24,10,0.132020646812997,0,0,1,1,TRUE
"446",0,1,4.76217882540983e-19,0,1,0,1,TRUE
"447",0,1,4.76217882540983e-19,0,0,0,0,FALSE
"448",0,3,4.76217882540983e-19,0,1,0,1,TRUE
"449",1,1,9.31854806755462e-19,0,0,0,0,FALSE
"450",0,1,4.76217882540983e-19,0,1,0,1,TRUE
"451",9,14,0.108245295464763,1,0,1,2,TRUE
"452",0,3,4.76217882540983e-19,0,1,0,1,TRUE
"453",0,1,4.76217882540983e-19,0,0,0,0,FALSE
"454",0,9,4.76217882540983e-19,1,1,0,2,TRUE
"455",0,1,4.76217882540983e-19,0,0,0,0,FALSE
"456",0,5,4.76217882540983e-19,0,1,0,1,TRUE
"457",23,5,0.0995116779150863,0,0,0,0,FALSE
"458",0,1,4.76217882540983e-19,0,1,0,1,TRUE
"459",0,1,4.76217882540983e-19,0,0,0,0,FALSE
"460",0,2,4.76217882540983e-19,1,0,0,1,TRUE
"461",0,2,4.76217882540983e-19,1,1,0,2,TRUE
"462",0,2,4.76217882540983e-19,0,0,0,0,FALSE
"463",0,17,4.76217882540983e-19,0,1,0,1,TRUE
"464",1,0,6.07411279104894e-19,0,0,0,0,FALSE
"465",26,7,0.174023459574341,0,0,0,0,FALSE
"466",5,1,0.0896286811686704,0,0,0,0,FALSE
"467",4,2,0.0675104580567343,0,0,0,0,FALSE
"468",1,1,9.9395271315744e-19,0,0,0,0,FALSE
"469",0,3,4.76217882540983e-19,0,1,1,2,TRUE
"470",0,2,4.76217882540983e-19,0,1,0,1,TRUE
"471",0,2,4.76217882540983e-19,0,0,1,1,TRUE
"472",0,1,4.76217882540983e-19,0,0,0,0,FALSE
"473",8,1,0.0283899170150552,0,0,0,0,FALSE
"474",0,1,4.76217882540983e-19,0,1,0,1,TRUE
"475",0,6,4.76217882540983e-19,0,1,1,2,TRUE
"476",0,1,4.76217882540983e-19,0,1,0,1,TRUE
"477",0,7,4.76217882540983e-19,1,0,0,1,TRUE
"478",1,16,1.4043946155891e-18,0,1,0,1,TRUE
"479",0,1,4.76217882540983e-19,0,1,0,1,TRUE
"480",0,1,4.76217882540983e-19,0,1,0,1,TRUE
"481",0,1,4.76217882540983e-19,0,1,0,1,TRUE
"482",0,1,4.76217882540983e-19,0,0,0,0,FALSE
"483",27,1,0.133918989559075,1,0,0,1,TRUE
"484",1,2,3.0276414424976e-19,0,0,0,0,FALSE
"485",0,2,4.76217882540983e-19,0,0,0,0,FALSE
"486",1,4,3.76096832404889e-19,0,1,0,1,TRUE
"487",0,1,4.76217882540983e-19,1,0,0,1,TRUE
"488",0,4,4.76217882540983e-19,0,0,0,0,FALSE
"489",24,1,0.107749061702272,0,0,0,0,FALSE
"490",0,1,4.76217882540983e-19,0,0,0,0,FALSE
"491",0,1,4.76217882540983e-19,0,0,0,0,FALSE
"492",0,1,4.76217882540983e-19,0,1,0,1,TRUE
"493",5,1,0.0470366712336296,0,1,1,2,TRUE
"494",0,1,4.76217882540983e-19,0,0,0,0,FALSE
"495",0,2,4.76217882540983e-19,0,0,0,0,FALSE
"496",5,1,0.0629473537711655,0,0,0,0,FALSE
"497",18,23,0.0585658909389928,1,0,0,1,TRUE
"498",1,0,0.0064297828758194,0,0,1,1,TRUE
"499",0,1,4.76217882540983e-19,0,0,0,0,FALSE
"500",0,1,4.76217882540983e-19,0,1,0,1,TRUE
"501",7,1,0.0654120319014056,0,1,0,1,TRUE
"502",0,2,4.76217882540983e-19,0,1,0,1,TRUE
"503",0,1,4.76217882540983e-19,1,0,0,1,TRUE
"504",0,1,4.76217882540983e-19,0,0,0,0,FALSE
"505",0,1,4.76217882540983e-19,0,0,0,0,FALSE
"506",0,1,4.76217882540983e-19,0,1,0,1,TRUE
"507",0,5,4.76217882540983e-19,0,0,1,1,TRUE
"508",10,3,0.0863873543917025,0,0,0,0,FALSE
"509",0,2,4.76217882540983e-19,0,1,0,1,TRUE
"510",1,0,0.0149392555207146,0,0,0,0,FALSE
"511",1,0,0.0149392555207146,0,0,0,0,FALSE
"512",0,2,4.76217882540983e-19,0,0,0,0,FALSE
"513",0,10,4.76217882540983e-19,0,0,0,0,FALSE
"514",4,1,0.0592550893083436,0,0,0,0,FALSE
"515",8,2,0.052749641300444,0,0,0,0,FALSE
"516",0,2,4.76217882540983e-19,0,0,0,0,FALSE
"517",0,19,4.76217882540983e-19,0,0,0,0,FALSE
"518",9,11,0.167670131671928,0,0,0,0,FALSE
"519",64,8,0.181830877061396,0,0,0,0,FALSE
"520",0,3,4.76217882540983e-19,0,0,0,0,FALSE
"521",1,0,1.04724833342662e-18,0,0,0,0,FALSE
"522",0,1,4.76217882540983e-19,1,0,0,1,TRUE
"523",0,6,4.76217882540983e-19,0,0,0,0,FALSE
"524",4,1,0.0469584079579423,0,0,0,0,FALSE
"525",0,1,4.76217882540983e-19,0,0,1,1,TRUE
"526",0,2,4.76217882540983e-19,0,1,0,1,TRUE
"527",0,1,4.76217882540983e-19,0,0,1,1,TRUE
"528",9,4,0.0378749944946636,0,0,1,1,TRUE
"529",0,2,4.76217882540983e-19,0,1,0,1,TRUE
"530",0,1,4.76217882540983e-19,0,0,0,0,FALSE
"531",3,1,7.43078822368299e-19,0,0,0,0,FALSE
"532",3,0,0.0653842926485835,0,0,0,0,FALSE
"533",0,1,4.76217882540983e-19,0,0,1,1,TRUE
"534",0,4,4.76217882540983e-19,0,0,0,0,FALSE
"535",1,1,8.6869655405953e-19,0,0,0,0,FALSE
"536",0,3,4.76217882540983e-19,0,0,0,0,FALSE
"537",0,1,4.76217882540983e-19,0,1,0,1,TRUE
"538",0,2,4.76217882540983e-19,0,1,0,1,TRUE
"539",0,5,4.76217882540983e-19,0,0,0,0,FALSE
"540",0,1,4.76217882540983e-19,0,1,0,1,TRUE
"541",0,2,4.76217882540983e-19,0,0,0,0,FALSE
"542",0,1,4.76217882540983e-19,0,0,0,0,FALSE
"543",0,1,4.76217882540983e-19,1,0,0,1,TRUE
"544",0,2,4.76217882540983e-19,0,0,0,0,FALSE
"545",1,6,7.76855248830765e-20,0,0,1,1,TRUE
"546",0,8,4.76217882540983e-19,0,0,1,1,TRUE
"547",3,5,0.052749641300444,0,0,0,0,FALSE
"548",0,2,4.76217882540983e-19,0,1,0,1,TRUE
"549",0,4,4.76217882540983e-19,0,0,1,1,TRUE
"550",2,4,0.0131233410287794,0,0,0,0,FALSE
"551",1,1,1.94488602045686e-18,0,0,0,0,FALSE
"552",0,4,4.76217882540983e-19,1,0,0,1,TRUE
"553",0,1,4.76217882540983e-19,0,1,0,1,TRUE
"554",1,1,7.45059738884363e-19,0,0,0,0,FALSE
"555",2,2,0.0147608167562902,0,0,0,0,FALSE
"556",0,1,4.76217882540983e-19,0,0,0,0,FALSE
"557",0,3,4.76217882540983e-19,1,0,1,2,TRUE
"558",0,1,4.76217882540983e-19,1,0,1,2,TRUE
"559",1,1,9.19351114517222e-19,0,0,0,0,FALSE
"560",0,2,4.76217882540983e-19,0,1,0,1,TRUE
"561",0,1,4.76217882540983e-19,0,0,0,0,FALSE
"562",1,3,3.37973475433458e-19,0,0,0,0,FALSE
"563",1,1,8.48824886969778e-19,0,0,0,0,FALSE
"564",0,4,4.76217882540983e-19,0,1,0,1,TRUE
"565",0,2,4.76217882540983e-19,0,1,0,1,TRUE
"566",0,1,4.76217882540983e-19,0,0,0,0,FALSE
"567",0,5,4.76217882540983e-19,0,1,0,1,TRUE
"568",3,6,0.0277797186992732,0,0,0,0,FALSE
"569",3,4,0.0277797186992732,0,1,0,1,TRUE
"570",0,3,4.76217882540983e-19,0,0,0,0,FALSE
"571",0,2,4.76217882540983e-19,0,0,1,1,TRUE
"572",14,2,0.0845988975639992,1,0,0,1,TRUE
"573",0,2,4.76217882540983e-19,0,1,1,2,TRUE
"574",0,1,4.76217882540983e-19,0,0,0,0,FALSE
"575",0,1,4.76217882540983e-19,0,0,0,0,FALSE
"576",1,21,9.15678326242586e-19,0,0,0,0,FALSE
"577",6,7,0.0646627578282245,0,0,0,0,FALSE
"578",1,8,4.70205852410825e-19,0,0,0,0,FALSE
"579",1,4,8.03400436743973e-21,0,0,0,0,FALSE
"580",0,1,4.76217882540983e-19,0,1,0,1,TRUE
"581",0,2,4.76217882540983e-19,0,0,0,0,FALSE
"582",1,1,7.40792915636718e-19,0,0,0,0,FALSE
"583",1,1,8.80350924008503e-19,0,0,0,0,FALSE
"584",0,1,4.76217882540983e-19,0,0,0,0,FALSE
"585",0,5,4.76217882540983e-19,0,0,0,0,FALSE
"586",0,10,4.76217882540983e-19,0,1,0,1,TRUE
"587",1,1,6.41565663585357e-19,0,0,0,0,FALSE
"588",0,1,4.76217882540983e-19,0,0,0,0,FALSE
"589",4,6,0.0266813273975049,0,0,0,0,FALSE
"590",0,4,4.76217882540983e-19,0,0,0,0,FALSE
"591",0,1,4.76217882540983e-19,0,0,0,0,FALSE
"592",3,1,0.00650544800789961,0,0,0,0,FALSE
"593",1,1,1.55531074969808e-18,0,0,0,0,FALSE
"594",0,1,4.76217882540983e-19,0,0,0,0,FALSE
"595",1,1,1.44120142568621e-18,0,0,0,0,FALSE
"596",0,10,4.76217882540983e-19,1,0,0,1,TRUE
"597",0,2,4.76217882540983e-19,0,0,0,0,FALSE
"598",0,2,4.76217882540983e-19,0,0,0,0,FALSE
"599",0,1,4.76217882540983e-19,0,0,0,0,FALSE
"600",0,1,4.76217882540983e-19,0,1,0,1,TRUE
"601",1,1,1.41429210537372e-18,0,0,0,0,FALSE
"602",0,8,4.76217882540983e-19,0,0,0,0,FALSE
"603",6,2,0.105160616495913,0,1,0,1,TRUE
"604",2,56,1.28935144236166e-18,1,0,0,1,TRUE
"605",0,3,4.76217882540983e-19,0,0,0,0,FALSE
"606",0,1,4.76217882540983e-19,0,0,0,0,FALSE
"607",0,1,4.76217882540983e-19,0,0,0,0,FALSE
"608",0,1,4.76217882540983e-19,0,0,0,0,FALSE
"609",1,1,1.39420669448543e-18,0,0,0,0,FALSE
"610",0,1,4.76217882540983e-19,0,1,0,1,TRUE
"611",15,1,0,0,1,0,1,TRUE
"612",0,2,4.76217882540983e-19,0,0,0,0,FALSE
"613",0,1,4.76217882540983e-19,1,1,0,2,TRUE
"614",0,1,4.76217882540983e-19,0,1,0,1,TRUE
"615",0,1,4.76217882540983e-19,0,1,0,1,TRUE
"616",0,1,4.76217882540983e-19,0,0,0,0,FALSE
"617",1,1,8.82555610229814e-19,0,0,0,0,FALSE
"618",0,1,4.76217882540983e-19,0,0,0,0,FALSE
"619",0,4,4.76217882540983e-19,0,0,1,1,TRUE
"620",1,2,1.01474249732192e-18,0,0,0,0,FALSE
"621",0,2,4.76217882540983e-19,0,0,0,0,FALSE
"622",0,4,4.76217882540983e-19,0,0,1,1,TRUE
"623",3,22,1.41971574760282e-18,0,1,0,1,TRUE
"624",0,1,4.76217882540983e-19,0,0,0,0,FALSE
"625",0,5,4.76217882540983e-19,0,0,0,0,FALSE
"626",0,1,4.76217882540983e-19,0,0,0,0,FALSE
"627",0,3,4.76217882540983e-19,0,0,0,0,FALSE
"628",0,1,4.76217882540983e-19,0,0,0,0,FALSE
"629",0,1,4.76217882540983e-19,0,0,0,0,FALSE
"630",2,1,0.00214841079724788,0,0,0,0,FALSE
"631",3,5,0.0174204603254398,0,0,0,0,FALSE
"632",0,2,4.76217882540983e-19,0,1,0,1,TRUE
"633",0,2,4.76217882540983e-19,0,0,0,0,FALSE
"634",0,2,4.76217882540983e-19,0,0,1,1,TRUE
"635",0,2,4.76217882540983e-19,0,0,0,0,FALSE
"636",0,5,4.76217882540983e-19,0,0,0,0,FALSE
"637",0,1,4.76217882540983e-19,0,1,0,1,TRUE
"638",0,1,4.76217882540983e-19,0,0,1,1,TRUE
"639",1,1,0,0,0,0,0,FALSE
"640",1,1,0,0,0,0,0,FALSE
"641",1,2,8.22563570872831e-19,0,0,0,0,FALSE
"642",1,6,0,1,0,1,2,TRUE
"643",0,1,4.76217882540983e-19,0,0,0,0,FALSE
"644",0,2,4.76217882540983e-19,0,0,0,0,FALSE
"645",0,1,4.76217882540983e-19,0,1,1,2,TRUE
"646",0,9,4.76217882540983e-19,0,0,0,0,FALSE
"647",0,1,4.76217882540983e-19,0,1,0,1,TRUE
"648",1,1,0,0,0,0,0,FALSE
"649",0,2,4.76217882540983e-19,0,0,0,0,FALSE
"650",0,3,4.76217882540983e-19,0,0,1,1,TRUE
"651",1,1,0,0,0,0,0,FALSE
"652",0,5,4.76217882540983e-19,0,1,1,2,TRUE
"653",0,1,4.76217882540983e-19,0,1,0,1,TRUE
"654",0,6,4.76217882540983e-19,0,0,1,1,TRUE
"655",0,1,4.76217882540983e-19,0,1,0,1,TRUE
"656",0,1,4.76217882540983e-19,0,1,0,1,TRUE
"657",0,4,4.76217882540983e-19,0,0,0,0,FALSE
"658",0,5,4.76217882540983e-19,0,0,1,1,TRUE
"659",0,1,4.76217882540983e-19,0,1,0,1,TRUE
"660",0,1,4.76217882540983e-19,0,1,0,1,TRUE
"661",0,2,4.76217882540983e-19,0,0,0,0,FALSE
"662",1,1,6.71110944095891e-19,0,0,0,0,FALSE
"663",1,1,9.60767228569102e-19,0,0,0,0,FALSE
"664",1,4,1.17981115868982e-18,0,0,0,0,FALSE
"665",0,10,4.76217882540983e-19,0,1,0,1,TRUE
"666",1,1,1.44086998414234e-19,0,0,0,0,FALSE
"667",0,2,4.76217882540983e-19,0,0,0,0,FALSE
"668",0,1,4.76217882540983e-19,0,0,1,1,TRUE
"669",0,1,4.76217882540983e-19,0,1,0,1,TRUE
"670",0,1,4.76217882540983e-19,0,0,0,0,FALSE
"671",0,5,4.76217882540983e-19,0,0,0,0,FALSE
"672",0,2,4.76217882540983e-19,0,0,0,0,FALSE
"673",0,1,4.76217882540983e-19,0,0,0,0,FALSE
"674",14,1,0.0804259006949968,0,0,0,0,FALSE
"675",2,2,0.00889019766646975,0,1,0,1,TRUE
"676",0,1,4.76217882540983e-19,0,0,0,0,FALSE
"677",0,6,4.76217882540983e-19,0,0,0,0,FALSE
"678",1,1,7.74327760410727e-19,0,0,0,0,FALSE
"679",0,4,4.76217882540983e-19,1,0,0,1,TRUE
"680",0,1,4.76217882540983e-19,1,0,0,1,TRUE
"681",0,1,4.76217882540983e-19,0,1,1,2,TRUE
"682",9,3,0.0823180710302706,1,0,1,2,TRUE
"683",1,2,1.24095873712528e-18,0,0,1,1,TRUE
"684",0,1,4.76217882540983e-19,0,1,0,1,TRUE
"685",0,2,4.76217882540983e-19,0,0,0,0,FALSE
"686",1,1,1.04223198699175e-18,0,0,0,0,FALSE
"687",0,6,4.76217882540983e-19,0,0,0,0,FALSE
"688",7,1,0.106268828341977,0,0,1,1,TRUE
"689",0,2,4.76217882540983e-19,0,0,0,0,FALSE
"690",0,1,4.76217882540983e-19,0,1,1,2,TRUE
"691",1,1,6.93872365479787e-19,0,0,1,1,TRUE
"692",0,2,4.76217882540983e-19,0,0,0,0,FALSE
"693",0,3,4.76217882540983e-19,0,0,0,0,FALSE
"694",2,26,0.0203553438361247,0,0,1,1,TRUE
"695",6,1,0.0988081309718134,0,0,0,0,FALSE
"696",4,4,0.0751622626148186,0,0,0,0,FALSE
"697",3,4,0.00251036078623941,0,0,0,0,FALSE
"698",0,2,4.76217882540983e-19,0,0,1,1,TRUE
"699",0,3,4.76217882540983e-19,0,0,0,0,FALSE
"700",0,7,4.76217882540983e-19,1,1,0,2,TRUE
"701",0,6,4.76217882540983e-19,0,0,1,1,TRUE
"702",0,1,4.76217882540983e-19,0,0,0,0,FALSE
"703",0,1,4.76217882540983e-19,1,0,0,1,TRUE
"704",0,1,4.76217882540983e-19,0,0,0,0,FALSE
"705",1,1,1.08279232591015e-18,0,0,0,0,FALSE
"706",1,3,1.16491319460059e-18,0,0,0,0,FALSE
"707",2,1,1.3683969708251e-18,0,0,0,0,FALSE
"708",0,2,4.76217882540983e-19,0,0,0,0,FALSE
"709",0,4,4.76217882540983e-19,0,0,0,0,FALSE
"710",0,1,4.76217882540983e-19,0,0,0,0,FALSE
"711",0,2,4.76217882540983e-19,0,0,0,0,FALSE
"712",2,2,1.0891411246804e-18,0,0,0,0,FALSE
"713",0,1,4.76217882540983e-19,0,0,0,0,FALSE
"714",0,3,4.76217882540983e-19,1,0,0,1,TRUE
"715",0,2,4.76217882540983e-19,0,0,1,1,TRUE
"716",0,2,4.76217882540983e-19,0,0,0,0,FALSE
"717",0,1,4.76217882540983e-19,1,0,0,1,TRUE
"718",0,2,4.76217882540983e-19,0,0,0,0,FALSE
"719",0,1,4.76217882540983e-19,0,0,0,0,FALSE
"720",11,1,0.0107005598221034,0,0,0,0,FALSE
"721",0,1,4.76217882540983e-19,1,0,0,1,TRUE
"722",0,2,4.76217882540983e-19,0,0,0,0,FALSE
"723",0,1,4.76217882540983e-19,0,0,0,0,FALSE
"724",0,2,4.76217882540983e-19,0,1,0,1,TRUE
"725",25,2,0.0758523960867597,1,1,0,2,TRUE
"726",0,1,4.76217882540983e-19,0,0,0,0,FALSE
"727",0,1,4.76217882540983e-19,0,1,0,1,TRUE
"728",1,2,9.43492911270664e-19,0,0,0,0,FALSE
"729",0,1,4.76217882540983e-19,0,1,0,1,TRUE
"730",0,1,4.76217882540983e-19,0,1,0,1,TRUE
"731",0,9,4.76217882540983e-19,0,0,0,0,FALSE
"732",5,41,0.0826884903641408,0,0,1,1,TRUE
"733",0,2,4.76217882540983e-19,0,0,0,0,FALSE
"734",1,1,1.50824173079486e-18,1,0,0,1,TRUE
"735",1,1,3.19082427347539e-19,0,0,0,0,FALSE
"736",1,3,1.06288535482972e-18,0,0,0,0,FALSE
"737",3,4,0.0351161605924149,0,1,0,1,TRUE
"738",9,7,0.0867658448187554,1,0,0,1,TRUE
"739",0,2,4.76217882540983e-19,0,0,0,0,FALSE
"740",0,4,4.76217882540983e-19,0,1,1,2,TRUE
"741",0,14,4.76217882540983e-19,1,0,0,1,TRUE
"742",0,2,4.76217882540983e-19,0,1,0,1,TRUE
"743",0,1,4.76217882540983e-19,0,0,0,0,FALSE
"744",0,1,4.76217882540983e-19,0,0,0,0,FALSE
"745",0,1,4.76217882540983e-19,0,0,0,0,FALSE
"746",4,1,0.020263335125784,0,1,0,1,TRUE
"747",1,2,0.0282312208371612,1,1,0,2,TRUE
"748",0,2,4.76217882540983e-19,0,0,0,0,FALSE
"749",0,1,4.76217882540983e-19,0,0,0,0,FALSE
"750",4,1,0.0199022605281352,0,0,0,0,FALSE
"751",1,4,0.0469584079579423,0,0,0,0,FALSE
"752",1,0,0.00515543027729634,0,0,0,0,FALSE
"753",0,2,4.76217882540983e-19,0,0,0,0,FALSE
"754",1,1,2.8633205644488e-19,0,0,0,0,FALSE
"755",0,8,4.76217882540983e-19,0,0,1,1,TRUE
"756",0,1,4.76217882540983e-19,1,0,0,1,TRUE
"757",0,1,4.76217882540983e-19,0,1,0,1,TRUE
"758",1,2,0.0159995585356275,0,0,0,0,FALSE
"759",0,2,4.76217882540983e-19,0,0,0,0,FALSE
"760",2,1,0,0,0,0,0,FALSE
"761",0,2,4.76217882540983e-19,0,0,0,0,FALSE
"762",1,3,8.09722784185862e-19,0,0,0,0,FALSE
"763",1,2,8.29532695956578e-19,0,1,0,1,TRUE
"764",2,1,6.94766751019992e-19,1,0,0,1,TRUE
"765",0,1,4.76217882540983e-19,0,0,0,0,FALSE
"766",0,2,4.76217882540983e-19,0,1,0,1,TRUE
"767",0,3,4.76217882540983e-19,0,0,0,0,FALSE
"768",0,1,4.76217882540983e-19,0,0,0,0,FALSE
"769",0,1,4.76217882540983e-19,0,0,0,0,FALSE
"770",0,6,4.76217882540983e-19,1,0,0,1,TRUE
"771",4,2,0.0767662100205336,0,1,0,1,TRUE
"772",2,0,0.0199626957070021,0,0,0,0,FALSE
"773",0,1,4.76217882540983e-19,0,1,0,1,TRUE
"774",0,2,4.76217882540983e-19,0,0,0,0,FALSE
"775",0,1,4.76217882540983e-19,0,0,0,0,FALSE
"776",6,1,0.0335893843360132,0,0,1,1,TRUE
"777",0,1,4.76217882540983e-19,0,0,0,0,FALSE
"778",1,1,4.1177860111184e-19,0,0,0,0,FALSE
"779",1,2,6.05914072590979e-19,0,0,0,0,FALSE
"780",0,1,4.76217882540983e-19,0,0,0,0,FALSE
"781",4,1,0.00915953111683057,0,0,0,0,FALSE
"782",1,1,1.65686507869371e-18,0,0,0,0,FALSE
"783",1,6,4.93699644948715e-19,0,0,1,1,TRUE
"784",0,5,4.76217882540983e-19,0,0,0,0,FALSE
"785",8,0,0.0164727206450754,0,0,0,0,FALSE
"786",3,2,0.00111957789705748,0,0,0,0,FALSE
"787",3,1,0.00650544800789961,1,0,0,1,TRUE
"788",0,2,4.76217882540983e-19,0,0,0,0,FALSE
"789",3,2,1.44539112144668e-18,0,0,0,0,FALSE
"790",1,1,1.09061637285872e-18,0,0,0,0,FALSE
"791",0,2,4.76217882540983e-19,0,0,0,0,FALSE
"792",2,1,0.0199022605281352,0,0,0,0,FALSE
"793",2,1,0.0199022605281352,0,0,0,0,FALSE
"794",2,2,0.0199022605281352,0,0,0,0,FALSE
"795",3,1,0.0439188292482247,0,0,0,0,FALSE
"796",3,1,0.039128821085998,0,0,0,0,FALSE
"797",1,1,0.0177172478546799,1,0,0,1,TRUE
"798",2,1,0.0196623741907811,0,0,0,0,FALSE
"799",1,16,0.0177172478546799,0,0,0,0,FALSE
"800",1,1,9.07012049800454e-19,0,0,0,0,FALSE
"801",0,1,4.76217882540983e-19,0,0,0,0,FALSE
"802",1,0,7.09022770434371e-19,0,0,0,0,FALSE
"803",1,5,8.3676761422692e-19,0,1,0,1,TRUE
"804",0,4,4.76217882540983e-19,0,0,0,0,FALSE
"805",1,0,1.53075390440471e-19,0,0,0,0,FALSE
"806",2,2,0.00915953111683058,0,0,0,0,FALSE
"807",3,1,0.0465835879256401,0,0,0,0,FALSE
"808",2,1,0.0266813273975049,0,0,0,0,FALSE
"809",2,1,0.0266813273975049,0,0,0,0,FALSE
"810",1,2,9.72208228024583e-19,0,0,0,0,FALSE
"811",0,2,4.76217882540983e-19,0,1,0,1,TRUE
"812",3,1,0.00915953111683058,0,0,0,0,FALSE
"813",0,2,4.76217882540983e-19,0,0,0,0,FALSE
"814",1,1,9.67285721143474e-19,0,0,0,0,FALSE
"815",0,3,4.76217882540983e-19,0,0,0,0,FALSE
"816",0,3,4.76217882540983e-19,0,0,0,0,FALSE
"817",0,2,4.76217882540983e-19,0,0,1,1,TRUE
"818",5,1,3.18169077911437e-18,0,0,1,1,TRUE
"819",1,1,1.78635019724262e-18,0,0,1,1,TRUE
"820",1,1,1.50137153154601e-18,0,0,0,0,FALSE
"821",1,4,3.89995505572262e-20,0,0,0,0,FALSE
"822",1,8,6.74507379984304e-19,0,1,0,1,TRUE
"823",0,1,4.76217882540983e-19,0,1,0,1,TRUE
"824",0,5,4.76217882540983e-19,0,0,1,1,TRUE
"825",0,1,4.76217882540983e-19,0,1,0,1,TRUE
"826",1,1,6.47335572901255e-19,1,0,0,1,TRUE
"827",0,3,4.76217882540983e-19,0,0,0,0,FALSE
"828",3,1,2.08450759734358e-18,0,0,0,0,FALSE
"829",0,3,4.76217882540983e-19,0,0,0,0,FALSE
"830",0,1,4.76217882540983e-19,0,0,1,1,TRUE
"831",1,0,0.00903746728675689,0,0,0,0,FALSE
"832",0,1,4.76217882540983e-19,1,1,0,2,TRUE
"833",0,3,4.76217882540983e-19,0,1,1,2,TRUE
"834",1,7,0,0,0,0,0,FALSE
"835",0,3,4.76217882540983e-19,0,0,0,0,FALSE
"836",1,1,1.62580412640223e-18,0,0,0,0,FALSE
"837",0,1,4.76217882540983e-19,0,0,0,0,FALSE
"838",1,3,1.23445960308356e-18,0,0,0,0,FALSE
"839",0,2,4.76217882540983e-19,0,1,1,2,TRUE
"840",2,1,3.71493547993846e-19,0,0,0,0,FALSE
"841",2,1,2.41649949950496e-19,1,0,0,1,TRUE
"842",1,2,6.37149571652062e-19,0,0,1,1,TRUE
"843",2,3,3.45381820558296e-19,0,0,0,0,FALSE
"844",2,0,0.0184080276783217,0,0,0,0,FALSE
"845",6,2,0.0813057606337266,0,0,1,1,TRUE
"846",3,10,0.052749641300444,0,0,1,1,TRUE
"847",0,1,4.76217882540983e-19,0,0,0,0,FALSE
"848",0,1,4.76217882540983e-19,0,1,0,1,TRUE
"849",0,10,4.76217882540983e-19,0,1,0,1,TRUE
"850",4,5,0.052749641300444,1,0,0,1,TRUE
"851",0,1,4.76217882540983e-19,0,0,0,0,FALSE
"852",0,6,4.76217882540983e-19,0,1,1,2,TRUE
"853",1,1,4.97112292941607e-19,0,0,0,0,FALSE
"854",0,7,4.76217882540983e-19,0,1,0,1,TRUE
"855",2,1,0.0101977124707216,0,0,0,0,FALSE
"856",3,1,0.0368790398682265,0,0,0,0,FALSE
"857",0,1,4.76217882540983e-19,0,0,0,0,FALSE
"858",1,1,5.84948035119583e-19,0,0,0,0,FALSE
"859",0,7,4.76217882540983e-19,0,0,0,0,FALSE
"860",0,5,4.76217882540983e-19,0,1,0,1,TRUE
"861",3,2,0.0210414287087054,0,0,0,0,FALSE
"862",3,7,0.0553446147846572,0,1,0,1,TRUE
"863",1,1,4.86650259281938e-19,0,0,0,0,FALSE
"864",0,2,4.76217882540983e-19,0,0,0,0,FALSE
"865",0,5,4.76217882540983e-19,0,1,0,1,TRUE
"866",1,0,0.0199626957070021,0,0,0,0,FALSE
"867",1,1,6.25458084516518e-19,0,0,0,0,FALSE
"868",0,4,4.76217882540983e-19,0,1,0,1,TRUE
"869",2,1,0.0277797186992732,1,0,0,1,TRUE
"870",2,1,0.0277797186992732,0,0,0,0,FALSE
"871",1,2,6.41908784243975e-19,0,1,0,1,TRUE
"872",0,3,4.76217882540983e-19,0,1,1,2,TRUE
"873",0,3,4.76217882540983e-19,1,0,0,1,TRUE
"874",3,2,0.0233839285514235,0,0,0,0,FALSE
"875",1,3,1.61206388789241e-18,0,0,0,0,FALSE
"876",0,4,4.76217882540983e-19,0,1,0,1,TRUE
"877",1,5,1.77097765579233e-18,0,0,0,0,FALSE
"878",0,1,4.76217882540983e-19,0,0,0,0,FALSE
"879",0,5,4.76217882540983e-19,1,0,0,1,TRUE
"880",0,8,4.76217882540983e-19,0,0,0,0,FALSE
"881",0,3,4.76217882540983e-19,0,0,1,1,TRUE
"882",0,3,4.76217882540983e-19,0,0,0,0,FALSE
"883",1,1,6.55093598187509e-19,0,0,0,0,FALSE
"884",0,4,4.76217882540983e-19,0,0,0,0,FALSE
"885",0,7,4.76217882540983e-19,0,0,1,1,TRUE
"886",0,5,4.76217882540983e-19,1,1,0,2,TRUE
"887",0,3,4.76217882540983e-19,0,1,0,1,TRUE
"888",0,1,4.76217882540983e-19,0,1,0,1,TRUE
"889",0,1,4.76217882540983e-19,0,0,0,0,FALSE
"890",0,3,4.76217882540983e-19,0,0,1,1,TRUE
"891",0,7,4.76217882540983e-19,0,0,0,0,FALSE
"892",0,2,4.76217882540983e-19,0,1,0,1,TRUE
"893",0,1,4.76217882540983e-19,0,1,0,1,TRUE
"894",1,1,7.00961534797689e-19,0,0,0,0,FALSE
"895",0,1,4.76217882540983e-19,0,0,0,0,FALSE
"896",1,3,3.33768674151305e-19,1,0,0,1,TRUE
"897",0,4,4.76217882540983e-19,0,0,1,1,TRUE
"898",1,1,1.01826942998553e-18,0,0,0,0,FALSE
"899",2,3,0.00125765193169627,0,0,1,1,TRUE
"900",2,23,0.0101977124707216,0,0,1,1,TRUE
"901",1,0,0.00111957789705748,0,0,0,0,FALSE
"902",2,1,0.00125765193169627,0,0,0,0,FALSE
"903",0,2,4.76217882540983e-19,0,0,0,0,FALSE
"904",0,1,4.76217882540983e-19,0,0,0,0,FALSE
"905",3,1,0.0228488107212291,0,0,0,0,FALSE
"906",0,1,4.76217882540983e-19,0,0,0,0,FALSE
"907",0,11,4.76217882540983e-19,0,1,1,2,TRUE
"908",6,1,0.121910546349682,0,1,0,1,TRUE
"909",1,10,1.20687086760308e-18,0,1,0,1,TRUE
"910",0,1,4.76217882540983e-19,0,1,0,1,TRUE
"911",4,2,4.22574860104381e-18,1,1,0,2,TRUE
"912",0,8,4.76217882540983e-19,0,0,0,0,FALSE
"913",1,1,4.66241032938398e-19,0,0,0,0,FALSE
"914",0,2,4.76217882540983e-19,1,1,0,2,TRUE
"915",0,15,4.76217882540983e-19,1,0,0,1,TRUE
"916",2,2,0,0,1,0,1,TRUE
"917",2,1,1.39527749332043e-18,1,0,0,1,TRUE
"918",4,3,0.133524579678155,1,0,0,1,TRUE
"919",0,1,4.76217882540983e-19,0,0,0,0,FALSE
"920",0,2,4.76217882540983e-19,0,1,0,1,TRUE
"921",0,1,4.76217882540983e-19,0,1,0,1,TRUE
"922",1,1,9.52300457004789e-19,0,0,0,0,FALSE
"923",1,1,1.2148728210666e-18,0,0,0,0,FALSE
"924",3,3,0.0358408585143355,1,0,0,1,TRUE
"925",1,1,7.88431918002678e-19,0,0,0,0,FALSE
"926",0,1,4.76217882540983e-19,0,0,0,0,FALSE
"927",3,1,3.43219211147623e-18,0,0,0,0,FALSE
"928",0,12,4.76217882540983e-19,0,1,0,1,TRUE
"929",2,7,0.0527496413004439,0,0,0,0,FALSE
"930",3,6,0.0179727339665284,0,0,0,0,FALSE
"931",0,16,4.76217882540983e-19,0,0,0,0,FALSE
"932",2,3,0.0672987126263696,1,0,0,1,TRUE
"933",4,5,0.0839889578752518,0,1,0,1,TRUE
"934",3,3,0.0734278733638008,0,0,0,0,FALSE
"935",0,9,4.76217882540983e-19,0,0,1,1,TRUE
"936",1,7,1.30754366341765e-18,1,0,0,1,TRUE
"937",0,1,4.76217882540983e-19,0,0,0,0,FALSE
"938",5,10,0.117305963192612,1,0,0,1,TRUE
"939",3,3,0.0714415835894389,0,0,0,0,FALSE
"940",4,8,0.0777081705274558,0,0,0,0,FALSE
"941",4,1,0.0833026976072902,0,0,0,0,FALSE
"942",4,1,0.0777081705274558,0,0,0,0,FALSE
"943",3,4,0.0737537903862863,0,0,0,0,FALSE
"944",4,3,0.0896286811686705,0,0,0,0,FALSE
"945",2,2,0.052749641300444,0,1,0,1,TRUE
"946",5,1,0.117305963192612,0,0,0,0,FALSE
"947",3,1,0.0731049851365687,0,0,0,0,FALSE
"948",3,5,0.0794309686979489,0,0,0,0,FALSE
"949",3,3,0.0708288112030284,0,0,0,0,FALSE
"950",4,3,0.0874127185848694,0,1,0,1,TRUE
"951",4,3,0.0889335946067251,0,0,0,0,FALSE
"952",4,2,0.0993332292260841,0,0,0,0,FALSE
"953",3,1,0.0620191676809519,0,0,0,0,FALSE
"954",2,3,0.052749641300444,0,0,1,1,TRUE
"955",4,2,0.0978120833405058,0,0,0,0,FALSE
"956",4,5,0.0941917854542392,1,0,0,1,TRUE
"957",3,1,0.0794309686979489,0,0,0,0,FALSE
"958",2,2,0.056484183700051,0,0,1,1,TRUE
"959",2,1,0.052749641300444,0,0,0,0,FALSE
"960",2,0,0.0672987126263695,0,0,0,0,FALSE
"961",2,8,0.052749641300444,0,0,0,0,FALSE
"962",2,1,0.052749641300444,0,0,0,0,FALSE
"963",3,1,0.0592550893083436,0,0,0,0,FALSE
"964",2,1,0.052749641300444,0,0,0,0,FALSE
"965",2,1,0.052749641300444,0,0,0,0,FALSE
"966",3,0,0.0579050715777403,0,0,0,0,FALSE
"967",2,1,0.052749641300444,0,1,0,1,TRUE
"968",2,1,0.052749641300444,0,0,0,0,FALSE
"969",2,1,0.052749641300444,0,0,0,0,FALSE
"970",2,1,0.052749641300444,0,0,0,0,FALSE
"971",2,1,0.052749641300444,0,1,1,2,TRUE
